covid 19 vaccine,359
covid 19 vaccines,57
take covid 19,51
restrictions refuse covid,46
refuse covid 19,46
amp bill gates,37
covid19 plandemic wealth,36
plandemic wealth transfer,36
wealth transfer taxpayers,36
transfer taxpayers 99,36
taxpayers 99 999,36
99 999 thieves,36
999 thieves 001,36
bill gates covid19,36
gates covid19 depopulate,36
covid19 depopulate billion,36
depopulate billion 500,36
billion 500 million,36
500 million vaccine,36
million vaccine manufacturers,36
vaccine manufacturers indemnity,36
manufacturers indemnity liability,36
indemnity liability save,36
liability save lives,36
save lives extort,36
lives extort money,36
extort money amp,36
money amp murder,36
amp murder legally,36
thieves 001 furtherwho,35
001 furtherwho amp,35
furtherwho amp bill,35
anyone know thinking,33
know thinking getting,33
thinking getting covid19,33
getting covid19 vaccine,33
covid19 vaccine watch,33
vaccine watch video,33
watch video first,33
video first youtube,33
first youtube completed,33
youtube completed safety,33
completed safety efficacy,33
safety efficacy trials,33
efficacy trials manufacturer,33
trials manufacturer liability,33
manufacturer liability vaccines,33
liability vaccines use,33
vaccines use novel,33
use novel technology,33
novel technology informedconsent,33
technology informedconsent transparency,33
informedconsent transparency experimental,33
westminster hall please,32
hall please vote,32
please vote restrictions,32
vote restrictions refuse,32
19 vaccine coercion,32
vaccine coercion take,32
coercion take vaccine,32
take vaccine direct,32
vaccine direct contravention,32
direct contravention nuremberg,32
contravention nuremberg code,32
nuremberg code article,32
code article unesco,32
article unesco universal,32
unesco universal declaration,32
universal declaration bioethics,32
declaration bioethics human,32
bioethics human rights,32
vaccine covid 19,31
6pm 14th dec,28
14th dec westminster,28
dec westminster hall,28
pfizer biontech covid,26
biontech covid 19,25
pfizer coronavirus vaccine,25
covid 19 vaccination,22
human guinea pigs,22
effects covid 19,22
said pfizer coronavirus,21
coronavirus vaccine human,21
vaccine human guinea,21
long term effects,19
robert kennedy jr,18
kennedy jr warns,18
taking covid 19,17
pfizer covid 19,17
jr warns take,17
warns take covid,17
19 vaccine circumstances,17
hydroxychloroquine saves lives,17
saves lives do,17
lives do expect,17
do expect rush,17
expect rush vaccine,17
rush vaccine based,17
vaccine based greed,17
based greed instead,17
greed instead research,17
instead research original,17
research original strain,17
original strain ccpvirus,17
strain ccpvirus covid19,17
confcovid 19 vaccin,16
bushes bill gates,16
bill gates fauci,16
gates fauci cdc,16
fauci cdc fdaobama,16
cdc fdaobama biden,16
fdaobama biden harris,16
biden harris democrats,16
harris democrats seek,16
petition prevent restrictions,14
prevent restrictions refuse,14
19 vaccine trust,14
human trials peer,14
trials peer reviewed,14
peer reviewed studies,14
full immunity companies,14
immunity companies make,14
rfid tracer every,14
tracer every dose,14
cure covid 19,13
covid 19 amp,13
side effects covid,13
real possibility amp,13
could go wrong,13
get covid 19,12
take covid19 vaccine,12
refusing covid 19,12
19 vaccin hoax,12
vaccin hoax biggest,12
hoax biggest fraud,12
biggest fraud mankind,12
fraud mankind historybrf,12
mankind historybrf bushes,12
historybrf bushes bill,12
democrats seek frm,12
microchip pplso track,12
like enslave eliminate,12
get vaccine first,12
guinea pigs via,11
new covid 19,11
enslave eliminate etc,11
global vaccine pre,11
vaccine pre human,11
pre human trials,11
reviewed studies giving,11
studies giving full,11
giving full immunity,11
pigs via grtvnews,10
19 vaccine us,10
petition government corporate,10
government corporate penalties,10
corporate penalties refusing,10
penalties refusing covid,10
want us take,10
one vaccine side,10
vaccine side effect,10
side effect free,10
effect free vaccines,10
free vaccines deliver,10
vaccines deliver reactogenic,10
deliver reactogenic side,10
reactogenic side effects,10
understand side effects,10
19 vaccines messages,10
vaccines messages volunteers,10
messages volunteers worst,10
volunteers worst case,10
worst case scenario,10
lotusoak2 global vaccine,10
companies make deaths,10
make deaths result,10
deaths result real,10
result real possibility,10
possibility amp top,10
amp top rfid,10
top rfid tracer,10
every dose gee,10
dose gee could,10
gee could go,10
operation warp speed,9
need vaccine hoax,9
entire edifice gates,9
forced untested vaccines,9
untested vaccines rests,9
vaccines rests results,9
worth hill beans,9
refuses take covid,9
suffering isolation lockdown,9
isolation lockdown masks,9
lockdown masks trashing,9
masks trashing economy,9
trashing economy necessary,9
economy necessary cruel,9
necessary cruel political,9
cruel political choice,9
political choice ivermectin,9
choice ivermectin kills,9
ivermectin kills rna,9
kills rna viruses,9
19 amp influenza,9
amp influenza negates,9
influenza negates need,9
negates need vaccine,9
need vaccine us,9
vaccine us senate,9
us senate hearings,9
take covid vaccineyou,9
covid vaccineyou need,9
vaccineyou need know,9
need know suggestions,9
know suggestions change,9
suggestions change dna,9
change dna way,9
dna way time,9
way time degrade,9
time degrade dna,9
degrade dna used,9
dna used population,9
used population control,9
population control answering,9
control answering questions,9
answering questions want,9
questions want us,9
covid 19 pandemic,9
greatest hoax date,9
hoax date take,9
date take vaccines,9
take vaccines watch,9
vaccines watch experts,9
watch experts warning,9
experts warning people,9
seek frm vaccination,9
frm vaccination using,9
vaccination using ppl,9
using ppl microchip,9
ppl microchip pplso,9
pplso track ppl,9
track ppl like,9
ppl like enslave,9
vaccine prevent getting,8
stop spread virus,8
covid 19 virus,8
edifice gates foundation,8
gates foundation merkel,8
de facto forced,8
facto forced untested,8
rests results pcr,8
results pcr test,8
offset refuses take,8
none suffering isolation,8
rna viruses including,8
viruses including covid,8
including covid 19,8
fda approves pfizer,8
approves pfizer covid,8
19 vaccine emergency,8
vaccine emergency distribution,8
emergency distribution us,8
99 recovery rate,8
disease covid 19,8
spent billions taxpayer,7
billions taxpayer dollars,7
taxpayer dollars fast,7
dollars fast track,7
fast track covid,7
track covid 19,7
19 vaccine prevent,7
prevent getting virus,7
getting virus stop,7
virus stop spread,7
vaccine stop transmission,7
still wear mask,7
vaccine every year,7
year side effects,7
innocent people children,7
fda lists 22,7
lists 22 potential,7
22 potential adverse,7
potential adverse effects,7
adverse effects new,7
effects new covid,7
19 vaccine looking,7
vaccine looking good,7
super spreader events,7
people take vaccine,7
would take vaccine,7
foundation merkel government,7
case de facto,7
less scientific crap,7
health care workers,7
frm ppl used,7
ppl used vaccination,7
vaccines covid 19,7
19 vaccine stop,6
stop transmission still,6
transmission still get,6
still get pass,6
get pass others,6
pass others still,6
others still wear,6
wear mask distance,6
six feet also,6
feet also take,6
also take vaccine,6
take vaccine every,6
every year side,6
side effects bill,6
effects bill gates,6
bill gates make,6
gates make 200,6
make 200 billion,6
200 billion dollars,6
white house staff,6
every 10 000,6
10 000 vaccinated,6
merkel government wef,6
government wef well,6
hill beans test,6
beans test drosten,6
stay away covid,6
away covid 19,6
pcr test coronavirus,6
coronavirus worth hill,6
never take vaccine,6
virus 99 recovery,6
covid19 greatest hoax,6
vaccine gon na,6
dod confcovid 19,6
need vaccine virus,6
survival rate 99,6
vaccine fda lied,6
covid 19 fda,6
99 survival rate,6
covid 19 survival,5
covid 19 antibody,5
19 antibody treatment,5
found vaccine covid,5
fda approved need,5
approved need know,5
need know insufficient,5
know insufficient data,5
insufficient data fda,5
data fda conclude,5
fda conclude safe,5
conclude safe vaccine,5
safe vaccine children,5
vaccine children 16,5
children 16 pregnant,5
16 pregnant women,5
pregnant women people,5
women people compromised,5
people compromised immune,5
compromised immune systems,5
immune systems six,5
systems six deaths,5
six deaths biggie,5
mask distance self,5
distance self six,5
self six feet,5
take covid vaccine,5
well case de,5
test drosten less,5
drosten less scientific,5
vaccine side effects,5
would need vaccine,5
test coronavirus worth,5
term effects covid,5
19 pandemic disease,5
treatment covid 19,5
taking covid19 vaccine,5
covid 19 mrna,5
19 mrna vaccine,5
mrna vaccine bnt162b2,5
side effects understand,5
effects understand side,5
covid 19 hoax,5
want covid 19,5
abc11_wtvd hydroxychloroquine saves,5
trucks carrying covid,5
carrying covid 19,5
vaccine us left,5
us left pfizer,5
left pfizer facility,5
10 cases severe,5
cases severe covid,5
severe covid 19,5
children disease covid,5
give covid 19,5
believe covid 19,5
need covid19 vaccine,5
trust covid 19,5
case scenario one,5
scenario one vaccine,5
us covid 19,4
positive covid 19,4
19 vaccine caused,4
antibody treatment cure,4
treatment cure covid,4
nytimes anyone know,4
6pm dec 14,4
dec 14 westminster,4
14 westminster hall,4
get vaccine hoax,4
house staff get,4
staff get early,4
get early access,4
early access coronavirus,4
access coronavirus vaccine,4
even get vaccine,4
get coronavirus vaccine,4
mrna covid 19,4
19 vaccines work,4
wef well case,4
side effects may,4
pfizer anyone know,4
19 vaccin hoaxbiggest,4
vaccin hoaxbiggest fraud,4
hoaxbiggest fraud mankind,4
fraud mankind historywhere,4
mankind historywhere brf,4
historywhere brf bushes,4
brf bushes bill,4
democrats seek mil,4
seek mil frm,4
mil frm ppl,4
used vaccination pay,4
vaccination pay back,4
pay back stolen,4
back stolen world,4
stolen world bank,4
world bank 200,4
bank 200 bill,4
200 bill rip,4
bill rip us,4
long term side,4
term side effects,4
fake covid 19,4
take vaccine virus,4
united states america,4
19 vaccine could,4
vaccine virus 99,4
prevent covid 19,4
already covid 19,4
mandatory covid vaccine,4
19 vaccine going,4
19 vaccine choice,4
first trucks carrying,4
40 years research,4
100 years research,4
years research cancer,4
common cold vaccine,4
21 720 people,4
720 people got,4
people got real,4
got real vaccine,4
real vaccine 10,4
vaccine 10 cases,4
covid 19 1st,4
19 1st dose,4
1st dose severe,4
dose severe placebo,4
severe placebo group,4
placebo group vaccine,4
group vaccine group,4
vaccine group bad,4
group bad 21,4
bad 21 720,4
21 720 vaccine,4
720 vaccine injected,4
vaccine injected 21,4
injected 21 728,4
21 728 without,4
728 without 0005,4
without 0005 difference,4
0005 difference pfizer,4
difference pfizer study,4
pfizer study 95,4
study 95 effective,4
covid 19 coronavirus,4
see side effects,4
people children disease,4
new virus coming,4
19 vaccine via,4
receive pfizer biontech,4
warp speed vaccine,4
19 vaccine even,4
gon na wait,4
19 survival rate,3
every inhabitant earth,3
inhabitant earth needs,3
earth needs aware,3
needs aware covid,3
aware covid 19,3
19 vaccine say,3
vaccine say dangerous,3
say dangerous extreme,3
dangerous extreme nefarious,3
extreme nefarious agenda,3
nefarious agenda behind,3
need get vaccinated,3
vaccine protect covid,3
protect covid 19,3
vaccine caused false,3
false positive hiv,3
please give innocent,3
give innocent people,3
vaccine cure covid,3
covid 19 cardiovascular,3
covid19 taking vaccine,3
acyn wrong research,3
wrong research rely,3
research rely upon,3
rely upon dem,3
upon dem talking,3
dem talking points,3
talking points pfizer,3
points pfizer spokeswoman,3
pfizer spokeswoman clarified,3
spokeswoman clarified company,3
clarified company part,3
company part operation,3
part operation warp,3
warp speed supplier,3
speed supplier potential,3
supplier potential coronavirus,3
potential coronavirus vaccine,3
95 billion sped,3
billion sped process,3
sped process faster,3
process faster ever,3
19 vaccine since,3
hoax get vaccine,3
members white house,3
whether covid 19,3
pfizer biontech covid19,3
biontech covid19 vaccine,3
covid19 vaccine two,3
vaccine two months,3
two months follow,3
months follow up,3
follow up every,3
up every 10,3
000 vaccinated mild,3
vaccinated mild covid19,3
mild covid19 every,3
covid19 every 10,3
000 vaccinated 88,3
vaccinated 88 mild,3
88 mild covid19,3
mild covid19 so,3
covid19 so 916,3
so 916 vaccinated,3
916 vaccinated people,3
vaccinated people 10,3
people 10 000,3
10 000 benefits,3
even want vaccine,3
said need vaccine,3
first covid 19,3
mask get vaccine,3
covid 19 symptoms,3
nanotechnology helps mrna,3
helps mrna covid,3
adverse side effects,3
big dummy anyone,3
dummy anyone questions,3
anyone questions dr,3
questions dr biden,3
dr biden credentials,3
biden credentials nothing,3
credentials nothing nothing,3
nothing nothing loser,3
nothing loser suckered,3
loser suckered trump,3
suckered trump fallen,3
trump fallen house,3
fallen house cards,3
house cards period,3
cards period story,3
period story let,3
story let move,3
let move america,3
move america got,3
america got much,3
got much larger,3
much larger issue,3
larger issue deal,3
issue deal covid,3
deal covid 19,3
19 vaccine distribution,3
vaccine distribution stupid,3
development covid 19,3
going take covid,3
19 vaccine know,3
let get straight,3
getting covid 19,3
molokohm covid19 plandemic,3
get vaccinated hoax,3
work covid 19,3
first dibs vaccine,3
forced take vaccine,3
first get vaccinated,3
cure common cold,3
pfizer covid19 vaccine,3
wsj anyone know,3
19 vaccines experimental,3
get covid vaccine,3
seek frm ppl,3
used vaccination microchip,3
vaccination microchip pplso,3
pplso track like,3
track like enslave,3
fbi confcovid 19,3
fda pfizer biontech,3
19 fda approved,3
fda approved vaccine,3
vaccine prevent covid,3
coronavirus vaccine going,3
covid 19 still,3
know covid 19,3
accept covid 19,3
vaccine 100 effective,3
people take covid,3
side effects unknown,3
emergency use authorization,3
global vaccine human,3
vaccine human trials,3
reviewed studies gives,3
studies gives full,3
gives full immunity,3
companies make result,3
make result death,3
result death real,3
death real possibility,3
possibility amp rfid,3
amp rfid tracer,3
every dose 500,3
dose 500 000,3
500 000 sign,3
000 sign petition,3
sign petition refusing,3
petition refusing mandatory,3
refusing mandatory covid,3
covid 19 less,3
people get vaccine,3
risk catching covid,3
still taking vaccine,3
lives covid 19,3
19 vaccine may,3
getting vaccine hoax,3
years research vaccine,3
research vaccine hiv,3
vaccine hiv 100,3
hiv 100 years,3
research cancer without,3
cancer without cure,3
without cure many,3
cure many years,3
many years common,3
years common cold,3
cold vaccine telling,3
vaccine telling us,3
telling us found,3
us found vaccine,3
covid 19 within,3
19 within one,3
within one year,3
one year must,3
year must skepticism,3
effective covid 19,3
used guinea pigs,3
dr francis boyle,3
side effects could,3
coronavirus vaccine made,3
chinese communist party,3
19 vaccine downright,3
vaccine downright dangerous,3
downright dangerous send,3
send to doom,3
unknown side effects,3
ones get vaccine,3
covid19 covidvaccine covid,3
take vaccine covid19,3
first mrna vaccine,3
wo take vaccine,3
guinea pigs global,3
pigs global research,3
going take vaccine,3
want optimistic article,3
optimistic article link,3
article link state,3
link state covid,3
state covid 19,3
19 vaccine people,3
vaccine people contracted,3
people contracted virus,3
contracted virus people,3
virus people severely,3
people severely ill,3
severely ill virus,3
ill virus virus,3
vaccinated covid 19,3
get covid19 vaccine,3
amen chiefjustice mogoengmogoengcovid19,3
chiefjustice mogoengmogoengcovid19 greatest,3
mogoengmogoengcovid19 greatest hoax,3
covid 19 antibodies,3
covid 19 infection,3
side effects vaccines,3
common cold flu,3
19 vaccine includes,3
decide get pfizer,3
get pfizer biontech,3
vaccine choice receive,3
choice receive receive,3
receive receive pfizer,3
clinical trials designed,3
trials designed endpoint,3
covid 19 trials,3
19 trials useless,3
trials useless since,3
useless since person,3
since person could,3
person could still,3
could still infectious,3
still infectious receiving,3
infectious receiving vaccine,3
covid19 vaccine first,3
rate covid 19,3
take first batch,3
bad side effects,3
covid 19 something,3
vaccine clinical trials,3
the pfizer vaccine,3
getting vaccine something,3
first line vaccine,3
vaccine common cold,3
chinese covid 19,3
since covid 19,3
amp families amp,3
jdmarvin spent billions,2
excreted human milk,2
human milk risk,2
milk risk newborns,2
risk newborns infants,2
newborns infants excluded,2
fake wear mask,2
dose covid 19,2
robbystarbuck taking covid,2
nothing stop spread,2
virus covid 19,2
covid 19 far,2
vaccine must kept,2
new york times,2
take coronavirus vaccine,2
covid 19 lab,2
hoax need vaccinated,2
need vaccinated hoax,2
get vaccinated something,2
covid 19 flu,2
congressman elect bob,2
elect bob good,2
reactions pfizer vaccine,2
reason take vaccine,2
virus called covid19,2
side effects coronavirus,2
people children covid,2
children covid 19,2
19 cardiovascular disease,2
fda lied kill,2
reinfection covid19 taking,2
take 99 chance,2
99 chance fda,2
chance fda lists,2
tax payer money,2
take vaccine disease,2
take vaccine unless,2
survivors covid 19,2
akabu62 covid19 plandemic,2
hoax need vaccine,2
covid19 never isolated,2
going get vaccine,2
serious side effects,2
ever take vaccine,2
cbrowne6696 nicolebamber us_fda,2
nicolebamber us_fda woodymatters,2
us_fda woodymatters pfizer,2
trump got us,2
got us vaccine,2
said wo take,2
wo take covid,2
people covid 19,2
potential side effects,2
coronavirus covid19 vaccine,2
vaccine vaccines mrna,2
would anyone even,2
trump said need,2
trucks first covid,2
another reason trust,2
reason trust vaccine,2
vaccine big pharma,2
wear mask get,2
nursing home residents,2
non covid19 believers,2
covid19 believers get,2
mobill acyn wrong,2
coronavirus vaccine realdonaldtrump,2
vaccine realdonaldtrump promised,2
realdonaldtrump promised 95,2
promised 95 billion,2
testing false positive,2
new covid19 vaccine,2
covid19 vaccine probably,2
vaccine probably working,2
probably working years,2
working years since,2
years since complexity,2
since complexity time,2
complexity time intensive,2
time intensive going,2
intensive going insert,2
going insert nanotechnology,2
insert nanotechnology veins,2
nanotechnology veins amp,2
veins amp fuck,2
amp fuck rna,2
fuck rna nanotechnology,2
rna nanotechnology helps,2
vaccines work dorks,2
gon na take,2
19 vaccine used,2
covid 19 china,2
know side effects,2
side effects going,2
swine flu vaccine,2
severe adverse reactions,2
history serious allergies,2
force world take,2
take experimental vaccine,2
change never going,2
never going take,2
vaccine since already,2
since already effective,2
already effective treatments,2
effective treatments ivermectin,2
treatments ivermectin vaccines,2
ivermectin vaccines unneeded,2
vaccines unneeded dangerous,2
unneeded dangerous experimental,2
dangerous experimental gene,2
experimental gene altering,2
gene altering rushed,2
altering rushed to,2
rushed to market,2
to market unproven,2
market unproven side,2
unproven side effect,2
side effect riddled,2
effect riddled potions,2
make make sense,2
take vaccine order,2
ahead health care,2
dna mast cell,2
said publicly take,2
publicly take vaccine,2
guinea pigs vaccine,2
way taking vaccine,2
spread covid 19,2
re gon na,2
years develop vaccine,2
regular flu vaccine,2
take new covid,2
vaccine bill gates,2
hell wh staff,2
wh staff vaccinated,2
staff vaccinated first,2
vaccinated first totally,2
first totally disregard,2
totally disregard safety,2
disregard safety protocols,2
safety protocols rewarded,2
protocols rewarded many,2
rewarded many frontline,2
many frontline health,2
frontline health workers,2
health workers wo,2
workers wo vaccinated,2
wo vaccinated covid19,2
vaccinated covid19 covidvaccine,2
covid19 covidvaccine cnn,2
covidvaccine cnn msnbc,2
first take vaccine,2
vaccinated show us,2
show us app,2
amp survival rate,2
side effects vaccine,2
paying people take,2
us mil confcovid,2
mil confcovid 19,2
19 vaccine vaccine,2
tested positive covid,2
administering covid 19,2
medical care vaccines,2
vaccinated people may,2
people may still,2
simple english entire,2
english entire edifice,2
abc hydroxychloroquine saves,2
covid19 vaccine fda,2
covid 19 real,2
us take vaccine,2
covid19 vaccine pfizer,2
virus called hoax,2
black brown people,2
medium long term,2
19 vaccine completely,2
vaccine completely unknown,2
completely unknown therefore,2
unknown therefore vaccination,2
therefore vaccination process,2
vaccination process experimental,2
process experimental subject,2
experimental subject nuremberg,2
subject nuremberg code,2
nuremberg code preservation,2
code preservation informed,2
preservation informed consent,2
informed consent medical,2
consent medical choice,2
medical choice personal,2
choice personal body,2
personal body autonomy,2
another reason take,2
funny way saying,2
way saying absolutely,2
saying absolutely fake,2
absolutely fake covid,2
19 vaccines amp,2
talking covid 19,2
covid19 vaccination coming,2
vaccination coming 2021,2
coming 2021 the,2
2021 the question,2
the question accept,2
question accept take,2
accept take vaccine,2
take vaccine based,2
vaccine based short,2
based short term,2
short term clinical,2
term clinical trials,2
clinical trials enough,2
trials enough factual,2
enough factual studies,2
factual studies healthsciences,2
studies healthsciences clinicaltrials,2
healthsciences clinicaltrials corona,2
clinicaltrials corona medicine,2
corona medicine clinicalresearch,2
medicine clinicalresearch pharmasales,2
clinicalresearch pharmasales pharmaceuticals,2
im taking covid19,2
vaccine take 10,2
take 10 years,2
spread virus first,2
virus first get,2
need vaccine trump,2
animal reproductive toxicity,2
reproductive toxicity studies,2
toxicity studies completed,2
would take risky,2
vaccine supposed 70,2
supposed 70 90,2
70 90 success,2
90 success rate,2
success rate bug,2
rate bug 99,2
bug 99 success,2
99 success chance,2
success chance stats,2
chance stats center,2
stats center disease,2
center disease control,2
disease control website,2
people refuse vaccine,2
make covid vaccine,2
made coronavirus vaccine,2
guinea pigs line,2
developed bell palsy,2
kills innocent children,2
immune system covid,2
system covid 19,2
deadly covid 19,2
rushed covid 19,2
us many many,2
