covid 19,972
19 vaccine,303
covid19 vaccine,124
19 vaccines,122
bjp vaccine,115
stop risk,111
risk proven,111
proven covid,111
19 protection,111
protection 99,111
99 efficacy,111
efficacy pamphlet,111
coronavirus vaccine,100
side effects,92
mix and,89
and match,89
match vaccinations,82
vaccine shortages,77
covid19 vaccination,77
get vaccinated,75
coronavirus vaccines,70
americans killed,66
opts mix,65
take vaccine,64
vaccinations confounding,64
coronavirus coronavirusvaccine,63
britain opts,61
confounding experts,61
covid19vaccine coronavirus,58
2021 stop,56
covid vaccine,56
mix match,54
big pharma,51
vaccination three,49
three times,49
times fatal,49
fatal thalidomide,49
thalidomide rushed,49
rushed approval,49
approval 1963,49
1963 caused,49
caused massive,49
massive deformalities,49
get covid,49
akhilesh yadav,47
coronavirusvaccine vaccine,46
pamphlet covid19vaccine,44
trust bjp,43
second dose,42
guinea pigs,42
want get,42
new world,41
like lab,40
lab rat,40
get vaccine,39
vaccine covid19vaccine,39
need vaccine,39
mixing vaccines,39
vaccines track,39
world covid,39
pharma political,38
political military,38
military industrial,38
industrial complex,38
complex want,38
get injected,38
injected vaccines,38
track control,38
control like,38
rat sought,38
sought brave,38
brave new,38
19 genetically,38
genetically engineered,38
engineered mass,38
mass psychological,38
psychological operation,38
vaccines recommended,38
000 000,37
going get,36
mixing coronavirus,36
workers refusing,35
vaccine coronavirus,34
vaccine shortages1,34
shortages1 000,34
000 americans,34
killed summer,34
summer 2021,34
recommended health,34
health agency,34
every day,33
pfizer vaccine,33
us health,33
19 mixing,33
agency warns,33
shortages 1000,32
1000 americans,32
killed every,32
day covid,32
19 stop,32
free vaccine,32
take bjp,31
covid19 vaccines,31
vaccine take,30
long term,30
take covid,29
silver bullet,29
vaccinated trust,28
vaccine covid19,28
health workers,28
match vaccines,27
taking vaccine,27
gon na,27
mix vaccines,27
herd immunity,27
2nd dose,27
vaccine silver,26
12 weeks,26
vaccine government,25
chief akhilesh,25
public health,25
survival rate,24
pamphlet coronavirus,24
60 us,24
refusing get,24
two different,24
pamphlet vaccine,23
pick mix,23
government formed,23
get free,23
shortages covid,23
19 kills,23
kills american,23
american every,23
every minutes,23
minutes vaccine,23
bullet stop,23
mandatory covid,23
vaccine resistant,23
doctors around,23
around world,23
vaccine vaccine,23
000 covid,23
mix amp,22
amp match,22
formed everyone,22
everyone get,22
dr fauci,22
vaccine coronavirusvaccine,22
new strain,22
vaccine covid,22
vaccines prevent,22
shortages 400,22
400 000,22
19 killed,22
killed mid,22
mid january,22
january 2021,22
covid19 covidvaccine,21
coronavirusvaccine covid19vaccine,21
covid19vaccine vaccine,21
different vaccines,21
21 days,21
vaccine rollout,20
vaccine amp,20
samajwadi party,20
pamphlet coronavirusvaccine,20
covid vaccines,20
vaccines work,20
pfizer biontech,20
dose vaccine,19
health care,19
fears side,19
used guinea,19
first dose,19
clinical trials,19
one vaccine,19
getting vaccine,18
party chief,18
vaccination covid19,18
second doses,18
vaccines fears,18
immune system,18
19 vaccination,18
want vaccine,17
delay second,17
vaccine useless,17
vaccine get,17
vaccine flu,16
doses covid,16
effects claims,16
claims used,16
uk government,16
vaccine doses,16
covidvaccine covid19,16
many people,15
vaccine side,15
vaccine developed,15
vaccine based,15
vaccination program,15
fake vaccine,15
abandoned science,15
science completely,15
000 deaths,15
coronavirusvaccine coronavirus,14
vaccine samajwadi,14
new vaccine,14
mrna vaccine,14
pfizer moderna,14
vaccinations worrying,14
care workers,14
vaccine made,14
biontech vaccine,14
make vaccine,13
virus 99,13
opens door,13
door mix,13
side effect,13
make sure,13
hydroxychloroquine saves,13
saves lives,13
lives do,13
do expect,13
expect rush,13
rush vaccine,13
based greed,13
greed instead,13
instead research,13
research original,13
original strain,13
strain ccpvirus,13
ccpvirus covid19,13
borisjohnson matthancock,13
false covid,13
19 fraud,13
fraud sell,13
sell fake,13
fake vaccines,13
vaccines doctors,13
world declare,13
declare vaccine,13
useless risky,13
vaccine shot,13
people died,13
way mess,13
first vaccine,13
early covid,13
matthancock borisjohnson,13
worrying experts,13
vaccine prevent,12
emergency approval,12
britain opens,12
uk plans,12
vaccine roll,12
human life,12
fauci says,12
different vaccine,12
sp chief,12
new covid19,12
two doses,12
flu vaccine,12
trying guess,12
guess way,12
medical tyranny,12
bad idea,12
experimental vaccine,12
prevent symptoms,12
block infection,12
alert dangerous,12
dangerous two,12
different tecnologies,12
tecnologies coronavirus,12
vaccines mixxxxxed,12
mixxxxxed lives,12
lives experiments,12
experiments gt,12
gt shocking,12
shocking us_fda,12
us_fda borisjohnson,12
borisjohnson ema_news,12
vaccine stupidity,11
healthcare workers,11
getting covid,11
clinical trial,11
vaccine people,11
social distancing,11
one dose,11
wake false,11
vaccine akhilesh,11
say covid19,11
10 people,11
vaccine one,11
vaccine way,11
seem abandoned,11
completely trying,11
vaccine available,11
covid ve,11
ve vaccine,11
80 years,11
vaccine harsh,11
harsh vardhan,11
99 survival,11
safety efficacy,11
via nypost,11
vaccine first,10
vaccine via,10
vaccine even,10
yadav covid19,10
1st dose,10
plans delay,10
tell covid19,10
covid19 firstwe,10
firstwe reject,10
reject world,10
world pharmacitical,10
pharmacitical vaccine,10
vaccine claim100,10
claim100 business,10
business plus,10
plus governmentyet,10
governmentyet still,10
still noone,10
noone real,10
real vaccinesome,10
vaccinesome nations,10
proganda giving,10
giving emergency,10
approval rights,10
rights playing,10
playing human,10
vaccines possible,10
mixing matching,10
vaccine may,10
people got,10
alrdy say,10
covid19 unatobale,10
unatobale chain,10
chain amp,10
amp spread,10
spread allway,10
allway new,10
covid19 appaers,10
appaers uk,10
uk world,10
world alert,10
alert say,10
say new,10
strain see,10
see ratio,10
ratio 100,10
100 10,10
died earlynew,10
earlynew starin,10
starin uk,10
uk alrday,10
alrday cover,10
cover usa,10
usa early,10
early cover,10
cover worldstop,10
worldstop fake,10
amp stop,10
people getting,10
so called,10
people dying,10
flu deadlier,10
deadlier covid,10
flu 80,10
years con,10
con century,10
century complying,10
complying face,10
face diapers,10
diapers ever,10
ever amp,10
amp nazi,10
nazi enforcement,10
enforcement medical,10
tyranny doctors,10
world issue,10
issue dire,10
dire warning,10
warning get,10
vaccination programme,10
even though,10
vaccine virus,10
deformalities 60,10
60 000,10
vaccine could,10
prevent covid19,10
trust vaccine,10
vaccine work,10
following science,10
oxford astrazeneca,10
vaccine effective,10
refuse take,10
believe rumours,10
vaccine safe,10
vaccines without,9
covid19vaccine coronavirusvaccine,9
delaying second,9
via aoldotuk,9
aoldotuk covid19,9
dying covid,9
vaccine going,9
russian roulette,9
want take,9
nations gov,9
gov proganda,9
masks social,9
vaccine trials,9
says mandatory,9
give vaccine,9
vaccine trust,9
common sense,9
another vaccine,9
pigs via,9
people vaccinated,9
match vaccine,9
stop fraud,9
fraud business,9
good idea,9
officials britain,9
britain seem,9
population control,9
people get,9
vaccine like,9
vaccine make,9
symptoms arising,9
arising block,9
mix vaccine,9
term effects,9
front line,9
boris johnson,9
new york,9
york times,9
worst case,9
vaccines everything,9
everything table,9
19 virus,8
common cold,8
vaccine bjp,8
14 days,8
warp speed,8
safe effective,8
seems like,8
19 receiving,8
receiving pfizer,8
single dose,8
vaccine works,8
vaccine please,8
flu vaccines,8
travel school,8
refusing covid,8
public confidence,8
confidence vaccine,8
know vaccine,8
weeks apart,8
vaccine approved,8
vaccine still,8
vaccines different,8
health systems,8
untested vaccine,8
fauci warns,8
warns early,8
vaccines vaccines,8
vaccine wo,8
health england,8
make sense,8
save lives,8
get infected,8
prevent covid,8
matching vaccines,8
without vaccine,8
2nd shot,8
ve got,8
mrna vaccines,8
sounds like,8
people lives,8
effects covid,8
going take,8
get coronavirus,8
immune response,8
vaccine well,8
vaccine manufacturers,8
follow science,8
trust vaccines,7
efficacy safety,7
looks like,7
vaccines safe,7
vaccine given,7
vaccine shots,7
never get,7
covid19 pandemic,7
tested positive,7
vaccines tested,7
experimental vaccines,7
12 week,7
high risk,7
emergency use,7
vaccines even,7
taking covid,7
vaccine would,7
possible travel,7
number us,7
guinea pig,7
vaccine second,7
allow mixing,7
recovery rate,7
moderna vaccine,7
please tell,7
data idea,7
vaccine expert,7
19 already,7
already so,7
called population,7
control people,7
covid elderly,7
elderly largest,7
largest expenditure,7
expenditure health,7
systems worldwide,7
worldwide die,7
die first,7
way kill,7
kill boast,7
boast wake,7
wake jesus,7
jesus is,7
is coming,7
coming back,7
back wake,7
wake brazil,7
pregnant women,7
500 doses,7
tested vaccine,7
mortality rate,7
mixing covid,7
bill gates,7
vaccines interchangeable,7
experts new,7
case scenario,7
match approach,7
corona virus,7
trial data,7
wo get,7
wisconsin pharmacist,7
death due,7
vaccines covid,7
new variant,7
oxford vaccine,7
pfizer covid,7
coronavirus covid19vaccine,7
rumours covid,7
pharmacist arrested,7
vaccine without,7
vaccine stop,6
scientific advice,6
bharat biotech,6
vaccine tested,6
60 people,6
vaccine efficacy,6
vaccine vaccination,6
stop getting,6
19 mrna,6
ca get,6
vaccine ever,6
vaccine pfizer,6
positive covid,6
fuck vaccine,6
health officials,6
scientific evidence,6
ex cm,6
second shot,6
alarming number,6
going mix,6
get sick,6
new vaccines,6
ca trust,6
covid19 coronavirus,6
develop vaccine,6
vaccine dose,6
would anyone,6
sky news,6
people take,6
doses vaccine,6
also want,6
vaccine go,6
never going,6
mark beast,6
idea whatsoever,6
vaccine produced,6
2nd vaccine,6
covid19 virus,6
vaccine mandatory,6
whole world,6
point vaccine,6
yet another,6
infected covid,6
pharma companies,6
10 months,6
na get,6
might get,6
amp 2nd,6
might well,6
experts say,6
effect free,6
free vaccines,6
vaccines deliver,6
deliver reactogenic,6
reactogenic side,6
vaccines pfizer,6
messages volunteers,6
volunteers worst,6
made vaccine,6
covid covid19,6
mandatory vaccines,6
evidence interchangeability,6
interchangeability covid,6
dangerous virus,6
covid19 covid,6
19 vaccinations,6
another reason,6
really want,6
change dna,6
covid vaccination,6
weeks later,6
world beating,6
vaccine need,6
bjp govt,6
vaccination roll,6
school via,6
vaccines effective,6
adverse effects,6
get covid19,6
would need,6
vaccine ineffective,6
days apart,6
social distance,6
anyone else,6
vaccine plan,6
vaccine vaccines,6
man made,6
resistant strain,6
vaccines 60,6
intentionally spoiled,6
arrested charges,6
and or,6
mixing different,5
south africa,5
prevent getting,5
may well,5
refuse covid,5
pfizer amp,5
get rid,5
tests positive,5
public trust,5
vaccine good,5
wo take,5
vaccine bnt162b2,5
think vaccine,5
would work,5
covid19 pfizervaccine,5
medical experts,5
uk vaccine,5
vaccines uk,5
yadavakhilesh ji,5
strain covid,5
let see,5
10 years,5
vaccination vaccine,5
vaccine either,5
ca make,5
make us,5
vaccinated covid19,5
trust science,5
ny times,5
rushed vaccine,5
think vaccines,5
wan na,5
vaccines made,5
pharmaceutical companies,5
astrazeneca vaccine,5
never tested,5
yadavakhilesh samajwadiparty,5
thehill hydroxychloroquine,5
vaccines good,5
vaccinated people,5
19 cases,5
get one,5
vaccination campaign,5
vaccine never,5
allergic reactions,5
vaccine 2nd,5
people mix,5
match different,5
million people,5
political party,5
create vaccine,5
dose pfizer,5
fauci mandatory,5
work different,5
different ways,5
made bjp,5
crazy dr,5
vaccine contain,5
test positive,5
vaccine save,5
vaccine cure,5
people think,5
still get,5
dose covid,5
hundreds israelis,5
israelis get,5
people die,5
evidence yet,5
got first,5
mix different,5
flu virus,5
get people,5
effects understand,5
understand side,5
moderna messages,5
first place,5
roll out,5
vaccine injections,5
rest world,5
trump administration,5
lab rats,5
uk gov,5
vaccine also,5
playing politics,5
may substituted,5
vaccine yadavakhilesh,5
vaccine mix,5
realdonaldtrump covid,5
insidevaccines big,5
vaccine designed,5
vaccines evidence,5
ll give,5
even think,5
go wrong,5
vaccines going,5
cure covid19,5
vaccines get,5
data support,5
let clear,5
take coronavirus,5
rumours vaccine,5
stop spread,5
spread covid19,5
one covid19,5
polio vaccine,5
table says,5
says dr,5
gene therapy,5
vaccine science,5
beta glucan,5
1st amp,5
even vaccine,5
vaccine let,5
roll vaccine,5
people like,5
would like,5
measures prevent,5
prevent deaths,5
deaths transmission,5
transmission contact,5
contact masks,5
masks provide,5
provide benefit,5
benefit vaccines,5
vaccines inherently,5
inherently dangerous,5
dangerous review,5
review update,5
update recent,5
recent science,5
science relevant,5
relevant covid,5
chief minister,5
vaccine better,5
99 98,5
second vaccine,5
2nd jab,5
sure vaccine,5
coronavirus covid,5
year old,5
politics vaccine,5
re going,5
go along,5
animal testing,5
efficacy vaccine,5
take covid19,5
coronavaccine covid19,5
years vaccine,5
000 people,5
vaccine children,5
people vaccine,5
vaccine us,5
mandatory vaccine,5
politics covid,5
12 months,5
tested animals,5
vaccines mixed,5
got shots,5
shots intentionally,5
spoiled drugs,5
drugs chicago,5
chicago tribune,5
first time,5
vaccine sp,5
vaccine full,5
charges allegedly,5
allegedly tampering,5
tampering 500,5
chief akhileshyadav,5
akhileshyadav covid19,5
getting infected,5
everything else,4
find way,4
never take,4
rate covid,4
virus mutates,4
whether vaccine,4
vaccine china,4
trust government,4
correct vaccine,4
vaccines amp,4
country world,4
developed vaccine,4
life saving,4
hope vaccine,4
taking covid19,4
coronavirus covid19,4
waste time,4
even consider,4
people wait,4
people want,4
dose coronavirus,4
vaccine use,4
means never,4
getting covid19,4
type vaccine,4
decision take,4
wear masks,4
say vaccine,4
pretty much,4
covid19 lockdown,4
strain coronavirus,4
face masks,4
serum institute,4
dna altering,4
take vaccines,4
playing russian,4
19 get,4
small print,4
vaccination plan,4
half dose,4
course antibiotics,4
test vaccine,4
shot ca,4
britain allow,4
matching covid,4
gg type,4
amp vaccine,4
non existent,4
vaccine politics,4
covid19 coronavirusvaccine,4
world class,4
common people,4
vaccine yet,4
untested vaccines,4
flu shot,4
realdonaldtrump vp,4
going kill,4
treatment covid,4
slippery slope,4
must read,4
green book,4
making vaccine,4
already free,4
covid virus,4
give vaccines,4
dangerous covid19,4
it reasonable,4
evidence works,4
vaccine human,4
20 million,4
death rate,4
going fuck,4
safety testing,4
schools travel,4
shot made,4
bjp sp,4
every year,4
false positives,4
early vaccines,4
animal trials,4
rest us,4
track trace,4
effective vaccine,4
recommend mixing,4
vaccine developers,4
vaccine different,4
worrying safety,4
safety combination,4
combination determined,4
centers disease,4
disease control,4
control prevention,4
prevention warned,4
warned mixing,4
mixing pfizer,4
vaccine products,4
party vaccine,4
vaccines cause,4
make people,4
hydroxychloroquine ivermectin,4
vaccine already,4
vaccine reports,4
vaccines developed,4
think covid,4
false positive,4
vaccine got,4
vaccines know,4
give immunity,4
dr soumya,4
soumya swaminathan,4
swaminathan evidence,4
yet vaccines,4
covid19 infections,4
borisjohnson 10downingstreet,4
ll get,4
good people,4
better way,4
vaccines wo,4
untested mix,4
crime humanity,4
line workers,4
huge gamble,4
rna vaccine,4
vaccines approved,4
doses different,4
vaccine effectiveness,4
make sick,4
50 effective,4
19 hoax,4
mixed product,4
completed product,4
pfizer astra,4
many vaccines,4
get vaccines,4
vaccine give,4
corona vaccine,4
new guidelines,4
yadavakhilesh take,4
vaccine actually,4
virus vaccine,4
medicines available,4
available treat,4
treat coronavirus,4
coronavirus telling,4
telling share,4
share doctors,4
doctors need,4
cause death,4
whole thing,4
fake pandemic,4
vaccine really,4
really going,4
getting vaccinated,4
different covid,4
vaccine common,4
go amp,4
make rules,4
data vaccine,4
spike protein,4
would even,4
95 effective,4
vaccines via,4
via mailonline,4
vaccine another,4
feel safe,4
chief scientist,4
ll pay,4
fight covid,4
want mix,4
one shot,4
vaccine dr,4
cause deaths,4
cheap politics,4
could well,4
never mix,4
going give,4
vaccines stop,4
amp vaccination,4
know vaccines,4
via youtube,4
warns uk,4
